Santa Cruz,5010,M,"130mm / 27.5"" Carbon Trail Bike",5010.jpg,
Santa Cruz,5010,M,"130mm / 27.5"" Carbon Trail Bike",5010.jpg,
Santa Cruz,5010,L,"130mm / 27.5"" Carbon Trail Bike",5010.jpg,
Santa Cruz,5010,L,"130mm / 27.5"" Carbon Trail Bike",5010.jpg,
Santa Cruz,5010,XL,"130mm / 27.5"" Carbon Trail Bike",5010.jpg,
Santa Cruz,5010,XL,"130mm / 27.5"" Carbon Trail Bike",5010.jpg,
Santa Cruz,Bronson,M,"150/160mm / 27.5"" Carbon Enduro Bike",Bronson.jpg,
Santa Cruz,Bronson,M,"150/160mm / 27.5"" Carbon Enduro Bike",Bronson.jpg,
Santa Cruz,Bronson,L,"150/160mm / 27.5"" Carbon Enduro Bike",Bronson.jpg,
Santa Cruz,Bronson,L,"150/160mm / 27.5"" Carbon Enduro Bike",Bronson.jpg,
Santa Cruz,Bronson,XL,"150/160mm / 27.5"" Carbon Enduro Bike",Bronson.jpg,
Santa Cruz,Bronson,XL,"150/160mm / 27.5"" Carbon Enduro Bike",Bronson.jpg,
Santa Cruz,Nomad,M,"170mm / 27.5"" Carbon Enduro Bike",nomad.jpg,
Santa Cruz,Nomad,M,"170mm / 27.5"" Carbon Enduro Bike",nomad.jpg,
Santa Cruz,Nomad,L,"170mm / 27.5"" Carbon Enduro Bike",nomad.jpg,
Santa Cruz,Nomad,L,"170mm / 27.5"" Carbon Enduro Bike",nomad.jpg,
Santa Cruz,Nomad,XL,"170mm / 27.5"" Carbon Enduro Bike",nomad.jpg,
Santa Cruz,Nomad,XL,"170mm / 27.5"" Carbon Enduro Bike",nomad.jpg,
Juliana,Furtado,XS,"130mm / 27.5"" Carbon Trail Bike (Womens)",furtado.jpg,
Juliana,Furtado,S,"130mm / 27.5"" Carbon Trail Bike (Womens)",furtado.jpg,
Juliana,Roubion,XS,"150/160mm / 27.5"" Carbon Trail Bike (Womens)",roubion.jpg,
Juliana,Roubion,S,"150/160mm / 27.5"" Carbon Trail Bike (Womens)",roubion.jpg,
Stif,Morf,Short,'Hardcore Hardtail' Steel Trail Bike,morf.jpg,
Stif,Morf,Medium,'Hardcore Hardtail' Steel Trail Bike,morf.jpg,
Stif,Morf,Long,'Hardcore Hardtail' Steel Trail Bike,morf.jpg,
Zerode,Taniwha,Medium,"Gearbox Driven, 160mm Carbon Enduro Bike",Taniwha,
Zerode,Taniwha,Large,"Gearbox Driven, 160mm Carbon Enduro Bike",Taniwha,
SCOTT Sports,Ransom-910,S,"The Ransom. 170mm of trail munchin', climb crushing, stage winning all day pinning mountain biking excellence. The 910 comes with our Twinloc suspension system, Sram Eagle groupset and high end Syncros components. / Enduro Bike",Ransom-910,
SCOTT Sports,Ransom-910,M,"The Ransom. 170mm of trail munchin', climb crushing, stage winning all day pinning mountain biking excellence. The 910 comes with our Twinloc suspension system, Sram Eagle groupset and high end Syncros components. / Enduro Bike",Ransom-910,
SCOTT Sports,Ransom-910,L,"The Ransom. 170mm of trail munchin', climb crushing, stage winning all day pinning mountain biking excellence. The 910 comes with our Twinloc suspension system, Sram Eagle groupset and high end Syncros components. / Enduro Bike",Ransom-910,
SCOTT Sports,Ransom-910,XL,"The Ransom. 170mm of trail munchin', climb crushing, stage winning all day pinning mountain biking excellence. The 910 comes with our Twinloc suspension system, Sram Eagle groupset and high end Syncros components. / Enduro Bike",Ransom-910,
SCOTT Sports,Genius-910,S,"The Genius was put on this earth to get you up mountains with ease and get you back down them in a flash. With a Sram Eagle drivetrain, Syncros components and our Twinloc suspension system, the Genius is action ready. Any Trail, Any Time. / Trail Bike",Genius-910,
SCOTT Sports,Genius-910,M,"The Genius was put on this earth to get you up mountains with ease and get you back down them in a flash. With a Sram Eagle drivetrain, Syncros components and our Twinloc suspension system, the Genius is action ready. Any Trail, Any Time. / Trail Bike",Genius-910,
SCOTT Sports,Genius-910,L,"The Genius was put on this earth to get you up mountains with ease and get you back down them in a flash. With a Sram Eagle drivetrain, Syncros components and our Twinloc suspension system, the Genius is action ready. Any Trail, Any Time. / Trail Bike",Genius-910,
SCOTT Sports,Genius-910,XL,"The Genius was put on this earth to get you up mountains with ease and get you back down them in a flash. With a Sram Eagle drivetrain, Syncros components and our Twinloc suspension system, the Genius is action ready. Any Trail, Any Time. / Trail Bike",Genius-910,
Bird,Aeris-AM9,M,Push Bike,Aeris-AM9,
Bird,Aeris-AM9,ML,Push Bike,Aeris-AM9,
Bird,Aeris-AM9,L,Push Bike,Aeris-AM9,
Bird,Aeris-AM9,XL,Push Bike,Aeris-AM9,
Bird,Aeris-145,S,Push Bike,Aeris-145,
Bird,Aeris-145,M,Push Bike,Aeris-145,
Bird,Aeris-145,ML,Push Bike,Aeris-145,
Bird,Aeris-145,L,Push Bike,Aeris-145,
Bird,Aeris-145,XL,Push Bike,Aeris-145,
Bird,Aeris-120,ML,Push Bike,Aeris-120,
Bird,Aeris-120,L,Push Bike,Aeris-120,
Bird,Zero-AM,S,Push Bike,Zero-AM,
Bird,Zero-AM,M,Push Bike,Zero-AM,
Bird,Zero-AM,ML,Push Bike,Zero-AM,
Bird,Zero-AM,L,Push Bike,Zero-AM,
Bird,Zero-AM,XL,Push Bike,Zero-AM,
Bird,Zero-29,M,Push Bike,Zero-29,
Bird,Zero-29,ML,Push Bike,Zero-29,
Bird,Zero-29,L,Push Bike,Zero-29,
Bird,Zero-29,XL,Push Bike,Zero-29,
Starling,Murmur Stainless,XL,"Fast, silent Enduro 160/140mm 29er",t.b.d.,
Starling,Murmur,L,"Fast, silent Enduro 160/140mm 29er",t.b.d.,
Starling,Murmur,M,"Fast, silent Enduro 160/140mm 29er",t.b.d.,
Starling,Swoop,L,"Fast, silent Enduro 170/160mm 27.5",t.b.d.,
Starling,Swoop,M,"Fast, silent Enduro 170/160mm 27.6",t.b.d.,
Starling,Swoop,S,"Fast, silent Enduro 170/160mm 27.7",t.b.d.,
Nukeproof,Mega-275-Alloy-Pro, Small,Push Bike,Mega-275-Alloy-Pro,
Nukeproof,Mega-275-Alloy-Pro, Medium,Push Bike,Mega-275-Alloy-Pro,
Nukeproof,Mega-275-Carbon-Pro, Large,Push Bike,Mega-275-Carbon-Pro,
Nukeproof,Mega-275-Carbon-Pro, X Large,Push Bike,Mega-275-Carbon-Pro,
Nukeproof,Mega-275-Carbon-Factory, Medium,Push Bike,Mega-275-Carbon-Factory,
Nukeproof,Mega-275-Carbon-Factory, Large,Push Bike,Mega-275-Carbon-Factory,
Nukeproof,Mega-275-Carbon-RS, Medium,Push Bike,Mega-275-Carbon-RS,
Nukeproof,Mega-275-Carbon-RS, Large,Push Bike,Mega-275-Carbon-RS,
Nukeproof,Mega-290-Alloy-Pro, Medium,Push Bike,Mega-290-Alloy-Pro,
Nukeproof,Mega-290-Alloy-Pro, Large,Push Bike,Mega-290-Alloy-Pro,
Nukeproof,Mega-290-Alloy-Pro, X Large,Push Bike,Mega-290-Alloy-Pro,