Sonder,Transmitter,Small,
Sonder,Transmitter,Medium,
Sonder,Transmitter,Large,
Sonder,Transmitter Carbon,Small,
Sonder,Transmitter Carbon,Medium,
Sonder,Transmitter Carbon,Large,
Sonder,Frontier,Medium,
Sonder,Camino Ti,Medium,
Sonder,Camino Ti,Large,
Sonder,Vir Fortis,Medium,
Sonder,Broken Road,Medium,
Sonder,Broken Road,Large,
Kona,Process 153,Small,
Kona,Process 153,Medium,
Kona,Process 153,XL,
Kona,Hei Hei Trail,Medium,
Kona,Hei Hei Trail,Large,
Kona,Hei Hei Race DL,Medium,
Kona,Hei Hei Race DL,Large,
Kona,Hei Hei Race DL,XL,
Kona,Big Honzo,Medium,
Kona,Big Honzo,Large,
Kona,Honzo AL DL,Large,